height_cm,weight_kg,gender,height_m,BMI
160,55,Female,1.6,21.484374999999996
172,70,Male,1.72,23.661438615467823
168,62,,1.68,21.9671201814059
180,80,Male,1.8,24.691358024691358
155,50,Female,1.55,20.811654526534856
165,60,,1.65,22.03856749311295
170,68,Male,1.7,23.529411764705884
178,75,Male,1.78,23.671253629592222
162,58,Female,1.62,22.10028959000152
189,72,Male,1.89,20.15621063240111
156,67,Female,1.56,27.531229454306374
148,53,,1.48,24.196493791088386
